{
    "camera": {
        "serial": {
            "front": 857769553,
            "rear": 857735761
        },
        "translation": {
            "front": {
                "A": 113.98,
                "B": -0.03321,
                "C": 0.20726,
                "horizon": 147.09
            },
            "rear": {
                "A": 115.99,
                "B": -0.03221,
                "C": 0.20766,
                "horizon": 137.75
            }
        }
    }
}